{
  "timestamp": "2026-02-05T00:46:29.432107",
  "benchmarks": {
    "vad": {
      "model": "Silero VAD",
      "audio_chunk_ms": 32.0,
      "iterations": 100,
      "latency_ms": {
        "mean": 0.14521968998451484,
        "median": 0.14313700012280606,
        "p95": 0.1521288006188115,
        "p99": 0.16930649759160604,
        "min": 0.1408950010954868,
        "max": 0.20321400006650947
      }
    },
    "intent": {
      "model": "SetFit Intent Classifier",
      "iterations": 100,
      "latency_ms": {
        "mean": 5.279979979823111,
        "median": 5.111123500682879,
        "p95": 6.466869849646173,
        "min": 4.854298000282142,
        "max": 7.888600001024315
      }
    },
    "template": {
      "model": "Template Database",
      "total_templates": 8,
      "iterations": 1000,
      "latency_us": {
        "mean": 0.093732,
        "median": 0.092,
        "p95": 0.098,
        "min": 0.078,
        "max": 0.818
      },
      "latency_ms": {
        "mean": 9.373199999999999e-05,
        "median": 9.2e-05,
        "p95": 9.800000000000001e-05,
        "min": 7.8e-05,
        "max": 0.0008179999999999999
      }
    }
  }
}