{
  "timestamp": "2026-02-04T17:30:11.377652",
  "benchmarks": {
    "vad": {
      "model": "Silero VAD",
      "audio_chunk_ms": 32.0,
      "iterations": 100,
      "latency_ms": {
        "mean": 0.15575514001284319,
        "median": 0.15328649988077814,
        "p95": 0.17025679967446194,
        "p99": 0.17967232935916425,
        "min": 0.14787600048293825,
        "max": 0.22623500080953818
      }
    },
    "intent": {
      "model": "SetFit Intent Classifier",
      "iterations": 100,
      "latency_ms": {
        "mean": 5.075793149972014,
        "median": 5.035533500176825,
        "p95": 5.4497433000506135,
        "min": 4.829444000279182,
        "max": 6.04146200021205
      }
    },
    "template": {
      "model": "Template Database",
      "total_templates": 8,
      "iterations": 1000,
      "latency_us": {
        "mean": 0.09956299999999998,
        "median": 0.094,
        "p95": 0.13504999999999998,
        "min": 0.081,
        "max": 0.84
      },
      "latency_ms": {
        "mean": 9.956299999999998e-05,
        "median": 9.4e-05,
        "p95": 0.00013504999999999998,
        "min": 8.1e-05,
        "max": 0.0008399999999999999
      }
    }
  }
}